{"cameraMode":{"drawMode":0,"name":"Shaded","section":"Shading Mode"},"sceneLighting":true,"audioPlay":false,"sceneViewState":{"m_AlwaysRefresh":false,"showFog":true,"showSkybox":true,"showFlares":true,"showImageEffects":true,"showParticleSystems":true,"showVisualEffectGraphs":true,"m_FxEnabled":true},"in2DMode":false,"pivot":{"x":8.826364517211914,"y":3.0559334754943849,"z":-0.4284343719482422},"rotation":{"x":0.0569019578397274,"y":0.04850379005074501,"z":-0.002767651341855526,"w":0.9971989989280701},"size":4.994039535522461,"orthographic":true}